Workbook

Sheet Parameters
A1: Probability | B1: Mean | C1: StdDev
A2: 0.95 | B2: 41 | C2: 3.52

Sheet Data
A1: Age | B1: Groups
A2: =INT(_xlfn.NORM.INV(RAND(),Parameters!$B$2,Parameters!$C$2)) -> 40 | B2: =RANDBETWEEN(1,4) -> 1
A3: =INT(_xlfn.NORM.INV(RAND(),Parameters!$B$2,Parameters!$C$2)) -> 39 | B3: =RANDBETWEEN(1,4) -> 4
A4: =INT(_xlfn.NORM.INV(RAND(),Parameters!$B$2,Parameters!$C$2)) -> 40 | B4: =RANDBETWEEN(1,4) -> 4
A5: =INT(_xlfn.NORM.INV(RAND(),Parameters!$B$2,Parameters!$C$2)) -> 45 | B5: =RANDBETWEEN(1,4) -> 4
A6: =INT(_xlfn.NORM.INV(RAND(),Parameters!$B$2,Parameters!$C$2)) -> 43 | B6: =RANDBETWEEN(1,4) -> 2
A7: =INT(_xlfn.NORM.INV(RAND(),Parameters!$B$2,Parameters!$C$2)) -> 42 | B7: =RANDBETWEEN(1,4) -> 3
A8: =INT(_xlfn.NORM.INV(RAND(),Parameters!$B$2,Parameters!$C$2)) -> 35 | B8: =RANDBETWEEN(1,4) -> 1
A9: =INT(_xlfn.NORM.INV(RAND(),Parameters!$B$2,Parameters!$C$2)) -> 43 | B9: =RANDBETWEEN(1,4) -> 3
A10: =INT(_xlfn.NORM.INV(RAND(),Parameters!$B$2,Parameters!$C$2)) -> 37 | B10: =RANDBETWEEN(1,4) -> 3
A11: =INT(_xlfn.NORM.INV(RAND(),Parameters!$B$2,Parameters!$C$2)) -> 35 | B11: =RANDBETWEEN(1,4) -> 2
A12: =INT(_xlfn.NORM.INV(RAND(),Parameters!$B$2,Parameters!$C$2)) -> 45 | B12: =RANDBETWEEN(1,4) -> 2
A13: =INT(_xlfn.NORM.INV(RAND(),Parameters!$B$2,Parameters!$C$2)) -> 44 | B13: =RANDBETWEEN(1,4) -> 3
... A251: =INT(_xlfn.NORM.INV(RAND(),Parameters!$B$2,Parameters!$C$2)) -> 32 | B251: =RANDBETWEEN(1,4) -> 3

Sheet Sample
A1: Data | B1: Groups | C1: Sample data
A2: 39 | B2: 1 | C2: =IF(B2=1,A2,) -> 39
A3: 40 | B3: 1 | C3: =IF(B3=1,A3,) -> 40
A4: 42 | B4: 1 | C4: =IF(B4=1,A4,) -> 42
A5: 39 | B5: 1 | C5: =IF(B5=1,A5,) -> 39
A6: 42 | B6: 1 | C6: =IF(B6=1,A6,) -> 42
A7: 42 | B7: 1 | C7: =IF(B7=1,A7,) -> 42
A8: 40 | B8: 1 | C8: =IF(B8=1,A8,) -> 40
A9: 43 | B9: 1 | C9: =IF(B9=1,A9,) -> 43
A10: 44 | B10: 1 | C10: =IF(B10=1,A10,) -> 44
A11: 44 | B11: 1 | C11: =IF(B11=1,A11,) -> 44
A12: 42 | B12: 1 | C12: =IF(B12=1,A12,) -> 42
A13: 46 | B13: 1 | C13: =IF(B13=1,A13,) -> 46
... A66: 41 | B66: 1 | C66: =IF(B66=1,A66,) -> 41
A67: 45 | B67: 2
A68: 36 | B68: 2
A69: 40 | B69: 2
A70: 38 | B70: 2
A71: 36 | B71: 2
A72: 37 | B72: 2
A73: 41 | B73: 2
A74: 42 | B74: 2
A75: 43 | B75: 2
A76: 36 | B76: 2
A77: 39 | B77: 2
A78: 40 | B78: 2
... A251: 41 | B251: 4

Sheet Statistical insight
A1: STDDEV | B1: =_xlfn.STDEV.S(Sample!C2:C66) -> 3.0300578
A2: EXPECTED VALUE | B2: =AVERAGE(Sample!C2:C66) -> 40.4 | K2: =B2-B5*B1/SQRT(B3) -> 39.663382 | L2: =B2+B5*B1/SQRT(B3) -> 41.136618
A3: COUNT | B3: =COUNT(Sample!C2:C66) -> 65
A4: CONFIDENCE RATE | B4: 0.95
A5: Estimation of p parameter | B5: =_xlfn.NORM.S.INV(0.975) -> 1.959964
A6: Confidence interval | B6: =ROUND(K2,4)&" ; "&ROUND(L2,4) -> 39,6634 ; 41,1366

Sheet (Un)correlated variables
A1: Sample data | B1: Number of cats | C1: Age of partner
A2: 39 | B2: 7 | C2: =$H$3*A2+SQRT(1-$H$3^2)*B2 -> 38.623429 | G2: Correlation age and cats | H2: =CORREL(A2:A66,B2:B66) -> 0.18045757 | I2: Il valore ottenuto indica la presenza di una correlazione debolmente positiva tra l'età dell'individuo e il numero di gatti.
A3: 40 | B3: 2 | C3: =$H$3*A3+SQRT(1-$H$3^2)*B3 -> 37.583837 | G3: Desired correlation ( r ) | H3: 0.92
A4: 42 | B4: 6 | C4: =$H$3*A4+SQRT(1-$H$3^2)*B4 -> 40.99151 | G4: Actual correlation ( r') | H4: =CORREL(A2:A66,C2:C66) -> 0.97249402 | I4: Il valore ottenuto indica una correlazione fortemente positiva fra l'età dell'individuo e l'età del partner.
A5: 39 | B5: 6 | C5: =$H$3*A5+SQRT(1-$H$3^2)*B5 -> 38.23151
A6: 42 | B6: 6 | C6: =$H$3*A6+SQRT(1-$H$3^2)*B6 -> 40.99151
A7: 42 | B7: 2 | C7: =$H$3*A7+SQRT(1-$H$3^2)*B7 -> 39.423837
A8: 40 | B8: 5 | C8: =$H$3*A8+SQRT(1-$H$3^2)*B8 -> 38.759592
A9: 43 | B9: 6 | C9: =$H$3*A9+SQRT(1-$H$3^2)*B9 -> 41.91151
A10: 44 | B10: 5 | C10: =$H$3*A10+SQRT(1-$H$3^2)*B10 -> 42.439592
A11: 44 | B11: 1 | C11: =$H$3*A11+SQRT(1-$H$3^2)*B11 -> 40.871918
A12: 42 | B12: 5 | C12: =$H$3*A12+SQRT(1-$H$3^2)*B12 -> 40.599592
A13: 46 | B13: 5 | C13: =$H$3*A13+SQRT(1-$H$3^2)*B13 -> 44.279592
A14: 41 | B14: 5 | C14: =$H$3*A14+SQRT(1-$H$3^2)*B14 -> 39.679592
A15: 40 | B15: 4 | C15: =$H$3*A15+SQRT(1-$H$3^2)*B15 -> 38.367673
A16: 46 | B16: 5 | C16: =$H$3*A16+SQRT(1-$H$3^2)*B16 -> 44.279592
... A66: 41 | B66: 2 | C66: =$H$3*A66+SQRT(1-$H$3^2)*B66 -> 38.503837

Sheet Linear regression
A1: Y (age) | B1: X (rank)
A2: 31.143837 | B2: 1
A3: 32.455755 | B3: 2
A4: 33 | B4: 3
A5: 33.511918 | B5: 4
A6: 33.511918 | B6: 5
A7: 34 | B7: 6
A8: 34.55151 | B8: 7
A9: 34.687673 | B9: 8 | E9: Linear Prediction 160th
A10: 34.823837 | B10: 9 | E10: =_xlfn.FORECAST.LINEAR(160,A2:A131,B2:B131) -> 47.160863
A11: 35 | B11: 10
A12: 35.215755 | B12: 11
A13: 35.607673 | B13: 12
A14: 35.607673 | B14: 13
A15: 35.743837 | B15: 14
A16: 35.743837 | B16: 15
A17: 35.863429 | B17: 16
A18: 36 | B18: 17
A19: 36 | B19: 18
A20: 36 | B20: 19
A21: 36 | B21: 20
A22: 37 | B22: 21
... A131: 48 | B131: 130
